Live Coding with Yocto Project #20 bare metal.mp4,101559989,/home/abdelwahed/Bureau/DESKTOP/live_coding_with_yocto/Live Coding with Yocto Project #20 bare metal.mp4
Live Coding with Yocto Project #19 ptests.mp4,93928325,/home/abdelwahed/Bureau/DESKTOP/live_coding_with_yocto/Live Coding with Yocto Project #19 ptests.mp4
Live coding with Yocto Project 18 Multiconfigs.mp4,112555170,/home/abdelwahed/Bureau/DESKTOP/live_coding_with_yocto/Live coding with Yocto Project 18 Multiconfigs.mp4
Yocto Linux #6 - Application Deployment.mp4,51516596,/home/abdelwahed/Bureau/DESKTOP/live_coding_with_yocto/yocto/Yocto Linux #6 - Application Deployment.mp4
Yocto Linux #3 - Hello World Kernel Module.mp4,73737910,/home/abdelwahed/Bureau/DESKTOP/live_coding_with_yocto/yocto/Yocto Linux #3 - Hello World Kernel Module.mp4
Yocto Linux #4 - Kernel Module read, write, ioctl.mp4,89371915,/home/abdelwahed/Bureau/DESKTOP/live_coding_with_yocto/yocto/Yocto Linux #4 - Kernel Module read, write, ioctl.mp4
Yocto Linux #5 - Final kernel driver.mp4,82857653,/home/abdelwahed/Bureau/DESKTOP/live_coding_with_yocto/yocto/Yocto Linux #5 - Final kernel driver.mp4
Yocto Linux #1 - Initial setup and ZedBoard bring-up.mp4,71350204,/home/abdelwahed/Bureau/DESKTOP/live_coding_with_yocto/yocto/Yocto Linux #1 - Initial setup and ZedBoard bring-up.mp4
“Introduction to the Yocto Project and Bitbake, Part 1” by Behan Webster.mp4,96892411,/home/abdelwahed/Bureau/DESKTOP/live_coding_with_yocto/presentation_yocto/“Introduction to the Yocto Project and Bitbake, Part 1” by Behan Webster.mp4
Yocto Project and OpenEmbedded A Collection of Best Practices - Alexandre Belloni, Bootlin.mp4,57468103,/home/abdelwahed/Bureau/DESKTOP/live_coding_with_yocto/presentation_yocto/Yocto Project and OpenEmbedded A Collection of Best Practices - Alexandre Belloni, Bootlin.mp4
Live Coding with Yocto Project #6 kernel handling and development.mp4,126664268,/home/abdelwahed/Bureau/DESKTOP/live_coding_with_yocto/vues/Live Coding with Yocto Project #6 kernel handling and development.mp4
Live Coding with Yocto Project #1 V2.0 Getting started (current LTS release Dunfell edition).mp4,152148165,/home/abdelwahed/Bureau/DESKTOP/live_coding_with_yocto/vues/Live Coding with Yocto Project #1 V2.0 Getting started (current LTS release Dunfell edition).mp4
Live Coding with Yocto Project #4 SDKs.mp4,145861630,/home/abdelwahed/Bureau/DESKTOP/live_coding_with_yocto/vues/Live Coding with Yocto Project #4 SDKs.mp4
Live Coding with Yocto Project #2 simple layer, custom image and devtool.mp4,96293326,/home/abdelwahed/Bureau/DESKTOP/live_coding_with_yocto/vues/Live Coding with Yocto Project #2 simple layer, custom image and devtool.mp4
Live Coding with Yocto Project #11 Getting started with CC++ development..mp4,134783284,/home/abdelwahed/Bureau/DESKTOP/live_coding_with_yocto/vues/Live Coding with Yocto Project #11 Getting started with CC++ development..mp4
Live Coding with Yocto Project #7 distros, machines, images and local.conf.mp4,120456462,/home/abdelwahed/Bureau/DESKTOP/live_coding_with_yocto/vues/Live Coding with Yocto Project #7 distros, machines, images and local.conf.mp4
Live Coding with Yocto Project #3 package dependencies and splitting.mp4,114182823,/home/abdelwahed/Bureau/DESKTOP/live_coding_with_yocto/vues/Live Coding with Yocto Project #3 package dependencies and splitting.mp4
Live coding with Yocto Project #0x10(16) WSL.mp4,106167461,/home/abdelwahed/Bureau/DESKTOP/live_coding_with_yocto/vues/Live coding with Yocto Project #0x10(16) WSL.mp4
Live Coding with Yocto Project #8 real hardware, Beaglebone Black and WIC.mp4,145077403,/home/abdelwahed/Bureau/DESKTOP/live_coding_with_yocto/vues/Live Coding with Yocto Project #8 real hardware, Beaglebone Black and WIC.mp4
Live Coding with Yocto Project #10 building and customizing containers.mp4,109179991,/home/abdelwahed/Bureau/DESKTOP/live_coding_with_yocto/vues/Live Coding with Yocto Project #10 building and customizing containers.mp4
Live Coding with Yocto Project #5 development workflows.mp4,127867716,/home/abdelwahed/Bureau/DESKTOP/live_coding_with_yocto/vues/Live Coding with Yocto Project #5 development workflows.mp4
Live Coding with Yocto Project #12 Project setup and kas.mp4,144566017,/home/abdelwahed/Bureau/DESKTOP/live_coding_with_yocto/Live Coding with Yocto Project #12 Project setup and kas.mp4
Live coding with Yocto Project 17 Recipes Reloaded.mp4,88206226,/home/abdelwahed/Bureau/DESKTOP/live_coding_with_yocto/Live coding with Yocto Project 17 Recipes Reloaded.mp4
Live Coding with Yocto Project #13 Building an out of tree kernel module.mp4,141153492,/home/abdelwahed/Bureau/DESKTOP/live_coding_with_yocto/Live Coding with Yocto Project #13 Building an out of tree kernel module.mp4
Live Coding with Yocto Project #14 variables and assignments.mp4,147678046,/home/abdelwahed/Bureau/DESKTOP/live_coding_with_yocto/Live Coding with Yocto Project #14 variables and assignments.mp4
Cheb Houssem Sbabi Lamour -©-الشاب حسام  سبابي لمور.mp4,9999601,/home/abdelwahed/Bureau/DESKTOP/music/Cheb Houssem Sbabi Lamour -©-الشاب حسام  سبابي لمور.mp4
Best Of Cheb Houssem..mp4,91986701,/home/abdelwahed/Bureau/DESKTOP/music/Best Of Cheb Houssem..mp4
Hamza Namira - Fady Shewaya  حمزة نمرة - فاضي شوية.mp4,14415991,/home/abdelwahed/Bureau/DESKTOP/music/Hamza Namira - Fady Shewaya  حمزة نمرة - فاضي شوية.mp4
Lyrical Chammak Challo  Ra One  ShahRukh Khan  Kareena Kapoor.mp4,23197896,/home/abdelwahed/Bureau/DESKTOP/music/Lyrical Chammak Challo  Ra One  ShahRukh Khan  Kareena Kapoor.mp4
Cheb Houssem - Nti 3achqek s3ib I  الشاب حسام - أنت عشقك صعيب.mp4,9144514,/home/abdelwahed/Bureau/DESKTOP/music/Cheb Houssem - Nti 3achqek s3ib I  الشاب حسام - أنت عشقك صعيب.mp4
Nancy Ajram - Ah W Noss (Official Music Video)  نانسي عجرم - اه و نص.mp4,14409169,/home/abdelwahed/Bureau/DESKTOP/music/Nancy Ajram - Ah W Noss (Official Music Video)  نانسي عجرم - اه و نص.mp4
Asma Lmnawar ... Andou Zine - Video Clip  اسما لمنور ... عندو الزين - فيديو كليب.mp4,20360471,/home/abdelwahed/Bureau/DESKTOP/music/Asma Lmnawar ... Andou Zine - Video Clip  اسما لمنور ... عندو الزين - فيديو كليب.mp4
Hatim Ammor - Bla 3onwane (Official Music Video) l حاتم عمور - بلا عنوان.mp4,17560885,/home/abdelwahed/Bureau/DESKTOP/music/Hatim Ammor - Bla 3onwane (Official Music Video) l حاتم عمور - بلا عنوان.mp4
Cheb Houssem -  malgré tfarekna [ La Memoire ] Avec Kacimo  الشاب حسام.mp4,24997489,/home/abdelwahed/Bureau/DESKTOP/music/Cheb Houssem -  malgré tfarekna [ La Memoire ] Avec Kacimo  الشاب حسام.mp4
Hamza Namira - Dari Ya Alby  حمزة نمرة - داري يا قلبي.mp4,7298814,/home/abdelwahed/Bureau/DESKTOP/music/Hamza Namira - Dari Ya Alby  حمزة نمرة - داري يا قلبي.mp4
Sherine - Ana Fel Gharam  شيرين -  انا في الغرام.mp4,4791160,/home/abdelwahed/Bureau/DESKTOP/music/Sherine - Ana Fel Gharam  شيرين -  انا في الغرام.mp4
Cheb Bilal - Khalini Saket الشاب بلال - خليني ساكت.mp4,20222231,/home/abdelwahed/Bureau/DESKTOP/music/Cheb Bilal - Khalini Saket الشاب بلال - خليني ساكت.mp4
Albi El Gamed - Yahia Alaa [Official Lyric Video] - EXCLUSIVE  - قلبي الجامد - يحيي علاء 2021.mp4,11279475,/home/abdelwahed/Bureau/DESKTOP/music/Albi El Gamed - Yahia Alaa [Official Lyric Video] - EXCLUSIVE  - قلبي الجامد - يحيي علاء 2021.mp4
Saad Lamjarred Best Songs of 2022  أفضل أغاني سعد لامجاردأفضل أغاني س  أفضل 20 أغنية ساد لمجرد.mp4,81829128,/home/abdelwahed/Bureau/DESKTOP/music/Saad Lamjarred Best Songs of 2022  أفضل أغاني سعد لامجاردأفضل أغاني س  أفضل 20 أغنية ساد لمجرد.mp4
El 3achk mamnou3.mp4,8016253,/home/abdelwahed/Bureau/DESKTOP/music/El 3achk mamnou3.mp4
Majida El Roumi - Kalimat  ماجدة الرومي - كلمات.mp4,33881417,/home/abdelwahed/Bureau/DESKTOP/music/Majida El Roumi - Kalimat  ماجدة الرومي - كلمات.mp4
Hatim Ammor - Hsebni Temaa (Official Clip) - ( حاتم عمور - حسبني طماع (فيديو كليب.mp4,47023158,/home/abdelwahed/Bureau/DESKTOP/music/Hatim Ammor - Hsebni Temaa (Official Clip) - ( حاتم عمور - حسبني طماع (فيديو كليب.mp4
Tito & Bondoa - مهرجان اول ما سحبت حزامي   سلامات يا هوا  تيتو - بندق - زياد الايراني.mp4,20446179,/home/abdelwahed/Bureau/DESKTOP/music/Tito & Bondoa - مهرجان اول ما سحبت حزامي   سلامات يا هوا  تيتو - بندق - زياد الايراني.mp4
FREE Singapore SEO Course (4.1 - Keyword Research Foundation).mp4,102236072,/home/abdelwahed/Bureau/DESKTOP/SEO_training/FREE Singapore SEO Course (4.1 - Keyword Research Foundation).mp4
SEO Stratégies de Netlinking - Linkbaiting & Linkbuildin.mp4,1250343142,/home/abdelwahed/Bureau/DESKTOP/SEO_training/SEO Stratégies de Netlinking - Linkbaiting & Linkbuildin.mp4
FREE Singapore SEO Course (4.2 - Keyword Research for Existing Pages).mp4,93109726,/home/abdelwahed/Bureau/DESKTOP/SEO_training/FREE Singapore SEO Course (4.2 - Keyword Research for Existing Pages).mp4
FREE Singapore SEO Course (3.2 - Technical Ecommerce SEO Audit).mp4,195177441,/home/abdelwahed/Bureau/DESKTOP/SEO_training/vus/FREE Singapore SEO Course (3.2 - Technical Ecommerce SEO Audit).mp4
Live SEO Work for Business Website (Search Engine OptimizationSEO).mp4,324410980,/home/abdelwahed/Bureau/DESKTOP/SEO_training/vus/Live SEO Work for Business Website (Search Engine OptimizationSEO).mp4
FREE Singapore SEO Course (2.1 - Google Properties).mp4,26815716,/home/abdelwahed/Bureau/DESKTOP/SEO_training/vus/FREE Singapore SEO Course (2.1 - Google Properties).mp4
FREE Singapore SEO Course (2.3 - Google Search Console Audit).mp4,61717708,/home/abdelwahed/Bureau/DESKTOP/SEO_training/vus/FREE Singapore SEO Course (2.3 - Google Search Console Audit).mp4
FREE Singapore SEO Course (1 - Course Introduction).mp4,31593118,/home/abdelwahed/Bureau/DESKTOP/SEO_training/vus/FREE Singapore SEO Course (1 - Course Introduction).mp4
FREE Singapore SEO Course (3.4 - Technical Ecommerce SEO Audit).mp4,281629464,/home/abdelwahed/Bureau/DESKTOP/SEO_training/vus/FREE Singapore SEO Course (3.4 - Technical Ecommerce SEO Audit).mp4
FREE Singapore SEO Course (2.4 - Google Business Profile Audit).mp4,95820917,/home/abdelwahed/Bureau/DESKTOP/SEO_training/vus/FREE Singapore SEO Course (2.4 - Google Business Profile Audit).mp4
FREE Singapore SEO Course (3.3 - Technical Ecommerce SEO Audit).mp4,233848382,/home/abdelwahed/Bureau/DESKTOP/SEO_training/vus/FREE Singapore SEO Course (3.3 - Technical Ecommerce SEO Audit).mp4
FREE Singapore SEO Course (3.1 - Technical SEO Introduction).mp4,124092639,/home/abdelwahed/Bureau/DESKTOP/SEO_training/vus/FREE Singapore SEO Course (3.1 - Technical SEO Introduction).mp4
FREE Singapore SEO Course (2 - Foundation & Fundamentals).mp4,70154206,/home/abdelwahed/Bureau/DESKTOP/SEO_training/vus/FREE Singapore SEO Course (2 - Foundation & Fundamentals).mp4
System Design for Beginners Course.mp4,170315896,/home/abdelwahed/Bureau/DESKTOP/today19012023/30012023/BOOTCAMP/System Design for Beginners Course.mp4
Microservice Architecture and System Design with Python & Kubernetes – Full Course.mp4,413505911,/home/abdelwahed/Bureau/DESKTOP/today19012023/30012023/BOOTCAMP/Microservice Architecture and System Design with Python & Kubernetes – Full Course.mp4
?? Comment d?velopper sa m?moire  ?? Apprendre ? apprendre #2.mp4,44189803,/home/abdelwahed/Bureau/DESKTOP/today19012023/30012023/APPRENDRE_A_APPRENDRE/?? Comment d?velopper sa m?moire  ?? Apprendre ? apprendre #2.mp4
?? Comment travailler son attention et am?liorer sa concentration  ?? Apprendre ? apprendre #1.mp4,25580203,/home/abdelwahed/Bureau/DESKTOP/today19012023/30012023/APPRENDRE_A_APPRENDRE/?? Comment travailler son attention et am?liorer sa concentration  ?? Apprendre ? apprendre #1.mp4
?? Comment booster sa motivation et lutter contre la procrastination  ?? Apprendre ? apprendre #3.mp4,37988041,/home/abdelwahed/Bureau/DESKTOP/today19012023/30012023/APPRENDRE_A_APPRENDRE/?? Comment booster sa motivation et lutter contre la procrastination  ?? Apprendre ? apprendre #3.mp4
CHATGPT ne se trompe jamais ! en Français.mp4,22810111,/home/abdelwahed/Bureau/DESKTOP/today19012023/30012023/UTILISATION_CHATGPT/CHATGPT ne se trompe jamais ! en Français.mp4
DigOpp CTO uses ChatGPT to do his job.mp4,28741177,/home/abdelwahed/Bureau/DESKTOP/today19012023/30012023/UTILISATION_CHATGPT/DigOpp CTO uses ChatGPT to do his job.mp4
Using Google Sheets and ChatGPT to Build the PERFECT RESUME.mp4,18047833,/home/abdelwahed/Bureau/DESKTOP/today19012023/30012023/UTILISATION_CHATGPT/Using Google Sheets and ChatGPT to Build the PERFECT RESUME.mp4
POEME créé par CHATGPT en Français.mp4,4006631,/home/abdelwahed/Bureau/DESKTOP/today19012023/30012023/UTILISATION_CHATGPT/POEME créé par CHATGPT en Français.mp4
Chat GPT va-t-il révolutionner le monde du travail .mp4,28183711,/home/abdelwahed/Bureau/DESKTOP/today19012023/30012023/UTILISATION_CHATGPT/vues/Chat GPT va-t-il révolutionner le monde du travail .mp4
Configuration switch Cisco IOS avec IA chatGPT en Français.mp4,23042340,/home/abdelwahed/Bureau/DESKTOP/today19012023/30012023/UTILISATION_CHATGPT/vues/Configuration switch Cisco IOS avec IA chatGPT en Français.mp4
CHATGPT le bétisier des médias sur lIA en Français.mp4,14281507,/home/abdelwahed/Bureau/DESKTOP/today19012023/30012023/UTILISATION_CHATGPT/vues/CHATGPT le bétisier des médias sur lIA en Français.mp4
A VOIR AVANT de CODER sur CHATGPT (documentation performance et débug) en Français.mp4,22923270,/home/abdelwahed/Bureau/DESKTOP/today19012023/30012023/UTILISATION_CHATGPT/vues/A VOIR AVANT de CODER sur CHATGPT (documentation performance et débug) en Français.mp4
CHATGPT Tableur Excel Libre Office formules en Français.mp4,12896078,/home/abdelwahed/Bureau/DESKTOP/today19012023/30012023/UTILISATION_CHATGPT/CHATGPT Tableur Excel Libre Office formules en Français.mp4
CHATGPT fourberie et mensonge utilisation des concepts l ors d un dialogue en Français.mp4,25918112,/home/abdelwahed/Bureau/DESKTOP/today19012023/30012023/UTILISATION_CHATGPT/CHATGPT fourberie et mensonge utilisation des concepts l ors d un dialogue en Français.mp4
How To Write Ebooks With Chat GPT + Drag And Drop Designer.mp4,16397171,/home/abdelwahed/Bureau/DESKTOP/today19012023/30012023/UTILISATION_CHATGPT/How To Write Ebooks With Chat GPT + Drag And Drop Designer.mp4
CHATGPT le bétisier des médias sur lIA en Français suite 3.mp4,6702809,/home/abdelwahed/Bureau/DESKTOP/today19012023/30012023/UTILISATION_CHATGPT/CHATGPT le bétisier des médias sur lIA en Français suite 3.mp4
CHATGPT le bétisier des médias Français sur lIA en Français.mp4,15695596,/home/abdelwahed/Bureau/DESKTOP/today19012023/30012023/UTILISATION_CHATGPT/CHATGPT le bétisier des médias Français sur lIA en Français.mp4
file extraction using binwalk.mp4,43165524,/home/abdelwahed/Bureau/DESKTOP/today19012023/30012023/file extraction using binwalk.mp4
Use AI To Create Images With Python  Tutorial For Beginners (OpenAI DALL-E API).mp4,15813343,/home/abdelwahed/Bureau/DESKTOP/today19012023/30012023/Use AI To Create Images With Python  Tutorial For Beginners (OpenAI DALL-E API).mp4
Jai codé à fond pendant 1 an. Voilà ce que jai appris..mp4,56444481,/home/abdelwahed/Bureau/DESKTOP/today19012023/30012023/Jai codé à fond pendant 1 an. Voilà ce que jai appris..mp4
How to Install Python Anaconda in Ubuntu 16.04.mp4,7495592,/home/abdelwahed/Bureau/DESKTOP/today19012023/30012023/How to Install Python Anaconda in Ubuntu 16.04.mp4
Tools every Developer need in 2022 - Configure Linux for web full stack development.mp4,57610772,/home/abdelwahed/Bureau/DESKTOP/today19012023/30012023/Tools every Developer need in 2022 - Configure Linux for web full stack development.mp4
Linux Internals  Interprocess Communication.mp4,39084878,/home/abdelwahed/Bureau/DESKTOP/today19012023/24012023/linux_internals/Linux Internals  Interprocess Communication.mp4
Linux Internals Memory Management.mp4,61801127,/home/abdelwahed/Bureau/DESKTOP/today19012023/24012023/linux_internals/vus/Linux Internals Memory Management.mp4
OpenWRT for beginners - Full basic configuration video tutorial.mp4,98448203,/home/abdelwahed/Bureau/DESKTOP/today19012023/24012023/vus/OpenWRT for beginners - Full basic configuration video tutorial.mp4
الطريقة الصحيحة لتمرير فلاش OpenWrt لجهاز فودافون وربطه بألفا.mp4,32600705,/home/abdelwahed/Bureau/DESKTOP/today19012023/24012023/vus/الطريقة الصحيحة لتمرير فلاش OpenWrt لجهاز فودافون وربطه بألفا.mp4
“Introduction to Layers, Images and more, Part 2” by Tom King.mp4,69600033,/home/abdelwahed/Bureau/DESKTOP/today19012023/26012023/“Introduction to Layers, Images and more, Part 2” by Tom King.mp4
Trouver un Travail 10X Plus Vite avec ChatGPT.mp4,43240724,/home/abdelwahed/Bureau/DESKTOP/today19012023/26012023/Trouver un Travail 10X Plus Vite avec ChatGPT.mp4
“Introduction to the Yocto Project and Bitbake, Part 2” by Behan Webster.mp4,127522747,/home/abdelwahed/Bureau/DESKTOP/today19012023/26012023/“Introduction to the Yocto Project and Bitbake, Part 2” by Behan Webster.mp4
Using Devtool to Streamline Your Yocto Project Workflow - Tim Orling, Intel.mp4,95543841,/home/abdelwahed/Bureau/DESKTOP/today19012023/26012023/Using Devtool to Streamline Your Yocto Project Workflow - Tim Orling, Intel.mp4
Make Windows Terminal look amazing!.mp4,28286185,/home/abdelwahed/Bureau/DESKTOP/today19012023/26012023/Make Windows Terminal look amazing!.mp4
Getting Started with the Yocto Project - New Developer Screencast Tutorial.mp4,41120757,/home/abdelwahed/Bureau/DESKTOP/today19012023/26012023/Getting Started with the Yocto Project - New Developer Screencast Tutorial.mp4
“Introduction to Layers, Images and more, Part 1” by Tom King.mp4,123236053,/home/abdelwahed/Bureau/DESKTOP/today19012023/26012023/“Introduction to Layers, Images and more, Part 1” by Tom King.mp4
What Small Teams Should Know when Building Embedded Linux Systems - Gregory Fong, Virgin Galactic.mp4,41260028,/home/abdelwahed/Bureau/DESKTOP/today19012023/26012023/What Small Teams Should Know when Building Embedded Linux Systems - Gregory Fong, Virgin Galactic.mp4
Extracting Firmware from Embedded Devices (SPI NOR Flash) ⚡.mp4,24208884,/home/abdelwahed/Bureau/DESKTOP/today19012023/26012023/Extracting Firmware from Embedded Devices (SPI NOR Flash) ⚡.mp4
“A brief history of OpenEmbedded and the Yocto Project” by Philip Balister.mp4,37463413,/home/abdelwahed/Bureau/DESKTOP/today19012023/26012023/“A brief history of OpenEmbedded and the Yocto Project” by Philip Balister.mp4
Family.History.Mysteries.Buried.Past.2023.720p.PCOK.WEB-DL.MyCima.world.mp4,748647605,/home/abdelwahed/Bureau/DESKTOP/today19012023/26012023/Family.History.Mysteries.Buried.Past.2023.720p.PCOK.WEB-DL.MyCima.world.mp4
I Tried Making $1,000 Using ChatGPT (7 Days).mp4,60581647,/home/abdelwahed/Bureau/DESKTOP/today19012023/26012023/I Tried Making $1,000 Using ChatGPT (7 Days).mp4
“Remote access to IoT devices Common needs and approaches” by Eystein Stenberg.mp4,39396553,/home/abdelwahed/Bureau/DESKTOP/today19012023/26012023/“Remote access to IoT devices Common needs and approaches” by Eystein Stenberg.mp4
“Embedded Linux on CM4 Carrier Boards, X86 and STM32 Boards with Yocto” by Lakshantha Dissanayake.mp4,42846302,/home/abdelwahed/Bureau/DESKTOP/today19012023/26012023/“Embedded Linux on CM4 Carrier Boards, X86 and STM32 Boards with Yocto” by Lakshantha Dissanayake.mp4
We Built This $1,000 E-book with Chat GPT.mp4,75322924,/home/abdelwahed/Bureau/DESKTOP/today19012023/26012023/We Built This $1,000 E-book with Chat GPT.mp4
“Introduction to the Yocto Project and Bitbake, Part 1” by Behan Webster.mp4,96892411,/home/abdelwahed/Bureau/DESKTOP/today19012023/26012023/“Introduction to the Yocto Project and Bitbake, Part 1” by Behan Webster.mp4
Advice for Writing Small Programs in C.mp4,160222463,/home/abdelwahed/Bureau/DESKTOP/today19012023/27012023/Advice for Writing Small Programs in C.mp4
“meta-flatpak Flatpak in Yocto, Yocto in Flatpak” by Sam Thursfield.mp4,15935193,/home/abdelwahed/Bureau/DESKTOP/today19012023/27012023/“meta-flatpak Flatpak in Yocto, Yocto in Flatpak” by Sam Thursfield.mp4
Chat GPT Coding - Make A Profitable Trading Strategy In Five Minutes!.mp4,77397429,/home/abdelwahed/Bureau/DESKTOP/today19012023/27012023/Chat GPT Coding - Make A Profitable Trading Strategy In Five Minutes!.mp4
I Built a Trading Bot with ChatGPT.mp4,61414759,/home/abdelwahed/Bureau/DESKTOP/today19012023/27012023/I Built a Trading Bot with ChatGPT.mp4
From Project to Profit Commercial Open Source Software Licensing and Business Models.mp4,50813665,/home/abdelwahed/Bureau/DESKTOP/today19012023/27012023/From Project to Profit Commercial Open Source Software Licensing and Business Models.mp4
Coding Livestream - Creating an Online Chat App w Python!.mp4,386338422,/home/abdelwahed/Bureau/DESKTOP/today19012023/27012023/Coding Livestream - Creating an Online Chat App w Python!.mp4
Data Science Live Coding.mp4,161909852,/home/abdelwahed/Bureau/DESKTOP/today19012023/27012023/Data Science Live Coding.mp4
DEF CON 24 - Hardware Hacking Village - Matt DuHarte - Basic Firmware Extraction.mp4,119153397,/home/abdelwahed/Bureau/DESKTOP/today19012023/27012023/DEF CON 24 - Hardware Hacking Village - Matt DuHarte - Basic Firmware Extraction.mp4
First look - ChatGPT + WolframAlpha (GPT-3.5 and WolframAlpha via LangChain by James Weaver).mp4,46865918,/home/abdelwahed/Bureau/DESKTOP/today19012023/vues/First look - ChatGPT + WolframAlpha (GPT-3.5 and WolframAlpha via LangChain by James Weaver).mp4
ChatGPT Tutorial for Developers - 38 Ways to 10x Your Productivity.mp4,51711855,/home/abdelwahed/Bureau/DESKTOP/today19012023/vues/ChatGPT Tutorial for Developers - 38 Ways to 10x Your Productivity.mp4
Could ChatGPT and other AI Chatbots replace human jobs  DW Business Special.mp4,37002672,/home/abdelwahed/Bureau/DESKTOP/today19012023/vues/Could ChatGPT and other AI Chatbots replace human jobs  DW Business Special.mp4
Why is OpenAIs ChatGPT terrifying A Senior Software Engineer explains a disturbing new hypothesis.mp4,26990753,/home/abdelwahed/Bureau/DESKTOP/today19012023/vues/Why is OpenAIs ChatGPT terrifying A Senior Software Engineer explains a disturbing new hypothesis.mp4
Pointers in C  C++ [Full Course].mp4,295494437,/home/abdelwahed/Bureau/DESKTOP/today19012023/C/Pointers in C  C++ [Full Course].mp4
Live Coding Stream Word Searches in C (Part 1).mp4,351743340,/home/abdelwahed/Bureau/DESKTOP/today19012023/C/Live Coding Stream Word Searches in C (Part 1).mp4
Live Coding Stream Word Searches in C (Part 2).mp4,333033422,/home/abdelwahed/Bureau/DESKTOP/today19012023/C/Live Coding Stream Word Searches in C (Part 2).mp4
How I program C.mp4,170331922,/home/abdelwahed/Bureau/DESKTOP/today19012023/C/How I program C.mp4
Montage vidéo Linux avec Davinci Resolve 17.mp4,44932031,/home/abdelwahed/Bureau/DESKTOP/today19012023/not_dispatched/Montage vidéo Linux avec Davinci Resolve 17.mp4
Exploring the Educational Potential of WolframAlpha.mp4,53112220,/home/abdelwahed/Bureau/DESKTOP/today19012023/not_dispatched/Exploring the Educational Potential of WolframAlpha.mp4
How to add a system call to Linux Kernel-4.8.8.mp4,34284526,/home/abdelwahed/Bureau/DESKTOP/today19012023/not_dispatched/How to add a system call to Linux Kernel-4.8.8.mp4
Linux  what is systemd how can I use it (Arabic).mp4,48934597,/home/abdelwahed/Bureau/DESKTOP/today19012023/not_dispatched/Linux  what is systemd how can I use it (Arabic).mp4
What are you going to do in 2023 Tops 5 skills to get!.mp4,54295375,/home/abdelwahed/Bureau/DESKTOP/today19012023/not_dispatched/What are you going to do in 2023 Tops 5 skills to get!.mp4
Write and Submit your first Linux kernel Patch.mp4,52865343,/home/abdelwahed/Bureau/DESKTOP/today19012023/not_dispatched/Write and Submit your first Linux kernel Patch.mp4
Introduction to Elixir - A Background and the Primitive Types - Part One.mp4,34069392,/home/abdelwahed/Bureau/DESKTOP/today19012023/not_dispatched/Introduction to Elixir - A Background and the Primitive Types - Part One.mp4
MongoDb (Vidéo 33 ) CC3V2 Ex3.mp4,35976790,/home/abdelwahed/Bureau/DESKTOP/today19012023/not_dispatched/MongoDb (Vidéo 33 ) CC3V2 Ex3.mp4
Python 2 Vs Python 3.mp4,20480858,/home/abdelwahed/Bureau/DESKTOP/today19012023/not_dispatched/Python 2 Vs Python 3.mp4
How to Install phpMyAdmin on Ubuntu 22.04.mp4,15202686,/home/abdelwahed/Bureau/DESKTOP/today19012023/not_dispatched/How to Install phpMyAdmin on Ubuntu 22.04.mp4
Blue hydrangea embroidery pattern.mp4,28980387,/home/abdelwahed/Bureau/DESKTOP/today19012023/not_dispatched/Blue hydrangea embroidery pattern.mp4
Build and Deploy a Full Stack MERN AI Image Generation App  Midjourney & DALL-E Clone.mp4,331211051,/home/abdelwahed/Bureau/DESKTOP/today19012023/not_dispatched/Build and Deploy a Full Stack MERN AI Image Generation App  Midjourney & DALL-E Clone.mp4
Introduction to Linux Device Drivers   Part 1 The Basics.mp4,29018514,/home/abdelwahed/Bureau/DESKTOP/today19012023/not_dispatched/Introduction to Linux Device Drivers   Part 1 The Basics.mp4
Torturing OpenSSL - Valeria Bertacco.mp4,104469962,/home/abdelwahed/Bureau/DESKTOP/today19012023/not_dispatched/Torturing OpenSSL - Valeria Bertacco.mp4
Getting pixels on screen on Linux introduction to Kernel Mode Setting - Simon Ser.mp4,71148305,/home/abdelwahed/Bureau/DESKTOP/today19012023/not_dispatched/Getting pixels on screen on Linux introduction to Kernel Mode Setting - Simon Ser.mp4
Linux sur son serveur, comment devenir copain avec le pingouin - PART 1.mp4,265091759,/home/abdelwahed/Bureau/DESKTOP/today19012023/not_dispatched/linux_sur_serveur/Linux sur son serveur, comment devenir copain avec le pingouin - PART 1.mp4
How install libraries in qpython.mp4,3612725,/home/abdelwahed/Bureau/DESKTOP/today19012023/not_dispatched/How install libraries in qpython.mp4
How To Install 32-bit VirtualBox in Linux.mp4,60618555,/home/abdelwahed/Bureau/DESKTOP/today19012023/not_dispatched/How To Install 32-bit VirtualBox in Linux.mp4
(Re) Découvrir les outils UNIX (Grégoire Pineau).mp4,48751198,/home/abdelwahed/Bureau/DESKTOP/today19012023/not_dispatched/(Re) Découvrir les outils UNIX (Grégoire Pineau).mp4
The Only WP CLI Tutorial You’ll Ever Need.mp4,29464456,/home/abdelwahed/Bureau/DESKTOP/today19012023/not_dispatched/The Only WP CLI Tutorial You’ll Ever Need.mp4
Master Class on Embedded C Programming-DAY 130  - M K Jeevarajan.mp4,101527874,/home/abdelwahed/Bureau/DESKTOP/today19012023/not_dispatched/Master Class on Embedded C Programming-DAY 130  - M K Jeevarajan.mp4
Passer sur Linux quand on est créateur de contenu  (YouTube, Twitch, DaVinci Resolve).mp4,58657813,/home/abdelwahed/Bureau/DESKTOP/today19012023/not_dispatched/Passer sur Linux quand on est créateur de contenu  (YouTube, Twitch, DaVinci Resolve).mp4
linux dma in device drivers.mp4,29321205,/home/abdelwahed/Bureau/DESKTOP/today19012023/not_dispatched/linux dma in device drivers.mp4
Intro to Kernel Hacking - finding things to work on..mp4,23015212,/home/abdelwahed/Bureau/DESKTOP/today19012023/not_dispatched/Intro to Kernel Hacking - finding things to work on..mp4
ChatGPT Clone – OpenAI API and React Tutorial.mp4,155579788,/home/abdelwahed/Bureau/DESKTOP/today19012023/not_dispatched/ChatGPT Clone – OpenAI API and React Tutorial.mp4
Embedded Linux Concepts  1 [Arabic].mp4,26302569,/home/abdelwahed/Bureau/DESKTOP/today19012023/Embedded_linux/Embedded Linux Concepts  1 [Arabic].mp4
Intro to Embedded Programming.mp4,38012523,/home/abdelwahed/Bureau/DESKTOP/today19012023/Embedded_linux/Intro to Embedded Programming.mp4
Linux Kernel Programming 01 Compile and Boot.mp4,105574195,/home/abdelwahed/Bureau/DESKTOP/today19012023/Embedded_linux/Linux Kernel Programming 01 Compile and Boot.mp4
2- Embedded Linux Concepts  Companies  Prerequisites.mp4,20430698,/home/abdelwahed/Bureau/DESKTOP/today19012023/Embedded_linux/2- Embedded Linux Concepts  Companies  Prerequisites.mp4
3- Embedded Linux Customization and Embedded System.mp4,24608270,/home/abdelwahed/Bureau/DESKTOP/today19012023/Embedded_linux/3- Embedded Linux Customization and Embedded System.mp4
Structure in C  Fundamentals - Part 1 شرح.mp4,10833116,/home/abdelwahed/Bureau/DESKTOP/today19012023/Embedded_linux/Nouveau dossier/Structure in C  Fundamentals - Part 1 شرح.mp4
Structure in C Part 4  Structure padding and packing شرح.mp4,16795475,/home/abdelwahed/Bureau/DESKTOP/today19012023/Embedded_linux/Nouveau dossier/Structure in C Part 4  Structure padding and packing شرح.mp4
Structure in C  Nested and Self Referential Structure Part 3 شرح.mp4,10973282,/home/abdelwahed/Bureau/DESKTOP/today19012023/Embedded_linux/Nouveau dossier/Structure in C  Nested and Self Referential Structure Part 3 شرح.mp4
Structure in C part 5  #pragma and attributes with packing شرح.mp4,17292516,/home/abdelwahed/Bureau/DESKTOP/today19012023/Embedded_linux/Nouveau dossier/Structure in C part 5  #pragma and attributes with packing شرح.mp4
Structure in C  Pointer to structure Part 2 شرح.mp4,11407191,/home/abdelwahed/Bureau/DESKTOP/today19012023/Embedded_linux/Nouveau dossier/Structure in C  Pointer to structure Part 2 شرح.mp4
Embedded System and Embedded Linux.mp4,61091853,/home/abdelwahed/Bureau/DESKTOP/today19012023/Embedded_linux/Embedded System and Embedded Linux.mp4
APPRENDRE PYTHON [TUTO PROGRAMMATION COMPLET DÉBUTANT].mp4,173438853,/home/abdelwahed/Bureau/DESKTOP/today19012023/summns_phone/APPRENDRE PYTHON [TUTO PROGRAMMATION COMPLET DÉBUTANT].mp4
Advance C programming  Linux system programming  Linux kernel internals  Linux live projects.mp4,363245630,/home/abdelwahed/Bureau/DESKTOP/today19012023/summns_phone/Advance C programming  Linux system programming  Linux kernel internals  Linux live projects.mp4
Adding Variables in LLVM _ C++ _ Compiler Hacking.mp4,94371850,/home/abdelwahed/Bureau/DESKTOP/today19012023/summns_phone/Adding Variables in LLVM _ C++ _ Compiler Hacking.mp4
Create a Wordpress Website using React   Wordpress RESTFUL API with React w Frontity.mp4,82490457,/home/abdelwahed/Bureau/DESKTOP/today19012023/summns_phone/Create a Wordpress Website using React   Wordpress RESTFUL API with React w Frontity.mp4
Web Scraping with Python Beautiful Soup Crash Course - تعلم بايثون ويب سكرابينج لكسب المال.mp4,116171169,/home/abdelwahed/Bureau/DESKTOP/today19012023/summns_phone/Web Scraping with Python Beautiful Soup Crash Course - تعلم بايثون ويب سكرابينج لكسب المال.mp4
PS - Apprendre Photoshop comme un pro en seulement 8 heures, par Thierry Dambermont.mp4,1637251488,/home/abdelwahed/Bureau/DESKTOP/today19012023/summns_phone/PS - Apprendre Photoshop comme un pro en seulement 8 heures, par Thierry Dambermont.mp4
APPRENDRE PYTHON DE A à Z.mp4,482847009,/home/abdelwahed/Bureau/DESKTOP/today19012023/summns_phone/APPRENDRE PYTHON DE A à Z.mp4
How To Get Started With PHP, Composer & Laravel (Windows & Mac).mp4,204160932,/home/abdelwahed/Bureau/DESKTOP/today19012023/summns_phone/How To Get Started With PHP, Composer & Laravel (Windows & Mac).mp4
Build a LinuxFromScratch System Part 3_ Downloading.mp4,89467286,/home/abdelwahed/Bureau/DESKTOP/from_Scratch/vues/Build a LinuxFromScratch System Part 3_ Downloading.mp4
Linux Device Drivers Training 01, Simple Loadable Kernel Module.mp4,32086664,/home/abdelwahed/Bureau/DESKTOP/from_Scratch/vues/Linux Device Drivers Training 01, Simple Loadable Kernel Module.mp4
Créez votre site web avec wordpress Formation Complete.mp4,464737914,/home/abdelwahed/Bureau/DESKTOP/from_Scratch/Créez votre site web avec wordpress Formation Complete.mp4
Build a LinuxFromScratch System Part 9.5_ Corrections.mp4,69791058,/home/abdelwahed/Bureau/DESKTOP/from_Scratch/linuxfromscratch/Build a LinuxFromScratch System Part 9.5_ Corrections.mp4
Build a LinuxFromScratch System Part 6_ Directories, Users and Groups.mp4,137361086,/home/abdelwahed/Bureau/DESKTOP/from_Scratch/linuxfromscratch/Build a LinuxFromScratch System Part 6_ Directories, Users and Groups.mp4
Build a LinuxFromScratch System Part V-10_ System-V Init, Network.mp4,161289704,/home/abdelwahed/Bureau/DESKTOP/from_Scratch/linuxfromscratch/Build a LinuxFromScratch System Part V-10_ System-V Init, Network.mp4
Build a LinuxFromScratch System Part 7_ Finalizing the Build System.mp4,192620304,/home/abdelwahed/Bureau/DESKTOP/from_Scratch/linuxfromscratch/Build a LinuxFromScratch System Part 7_ Finalizing the Build System.mp4
Build a LinuxFromScratch System Part 4_ Compiling.mp4,240715727,/home/abdelwahed/Bureau/DESKTOP/from_Scratch/linuxfromscratch/Build a LinuxFromScratch System Part 4_ Compiling.mp4
Build a LinuxFromScratch System Part V-11_ Kernel + Booting it up!.mp4,231760869,/home/abdelwahed/Bureau/DESKTOP/from_Scratch/linuxfromscratch/Build a LinuxFromScratch System Part V-11_ Kernel + Booting it up!.mp4
Context-Free Grammars LL(k) Grammars.mp4,342797126,/home/abdelwahed/Bureau/DESKTOP/from_Scratch/linuxfromscratch/Context-Free Grammars LL(k) Grammars.mp4
Build a LinuxFromScratch System Part 9_ Discussing the Packages + more Compiling.mp4,395916264,/home/abdelwahed/Bureau/DESKTOP/from_Scratch/linuxfromscratch/Build a LinuxFromScratch System Part 9_ Discussing the Packages + more Compiling.mp4
Context-Free Grammars.mp4,121516522,/home/abdelwahed/Bureau/DESKTOP/from_Scratch/linuxfromscratch/Context-Free Grammars.mp4
Build a LinuxFromScratch System Part 8_ Building the Target-System.mp4,202587519,/home/abdelwahed/Bureau/DESKTOP/from_Scratch/linuxfromscratch/Build a LinuxFromScratch System Part 8_ Building the Target-System.mp4
Linux Device Drivers Training 05, Module Parameters.mp4,23284794,/home/abdelwahed/Bureau/DESKTOP/from_Scratch/linux_device_driver/Linux Device Drivers Training 05, Module Parameters.mp4
Linux Device Drivers Training 03, Modules from Multiple C Files, MODULE_LICENSE(), __init.mp4,45992638,/home/abdelwahed/Bureau/DESKTOP/from_Scratch/linux_device_driver/Linux Device Drivers Training 03, Modules from Multiple C Files, MODULE_LICENSE(), __init.mp4
Linux Device Drivers Training 04, Exporting Symbols.mp4,22373635,/home/abdelwahed/Bureau/DESKTOP/from_Scratch/linux_device_driver/Linux Device Drivers Training 04, Exporting Symbols.mp4
Introduction to Linux Device Drivers   Part 1 The Basics.mp4,29018514,/home/abdelwahed/Bureau/DESKTOP/from_Scratch/linux_device_driver/Introduction to Linux Device Drivers   Part 1 The Basics.mp4
Linux Device Drivers Training 06, Simple Character Driver.mp4,72098335,/home/abdelwahed/Bureau/DESKTOP/from_Scratch/linux_device_driver/Linux Device Drivers Training 06, Simple Character Driver.mp4
Linux Device Drivers Training 02, module_init() and module_exit().mp4,29042038,/home/abdelwahed/Bureau/DESKTOP/from_Scratch/linux_device_driver/Linux Device Drivers Training 02, module_init() and module_exit().mp4
LIVE Linux Kernel Driver Development xpad.mp4,840913914,/home/abdelwahed/Bureau/DESKTOP/from_Scratch/LIVE Linux Kernel Driver Development xpad.mp4
Migration d'un site Wordpress vers un nouveau serveur Linux - Christophe Casalegno.mp4,236557410,/home/abdelwahed/Bureau/DESKTOP/from_Scratch/niveau-script-avancee/Migration d'un site Wordpress vers un nouveau serveur Linux - Christophe Casalegno.mp4
Livecoding bash  surveiller l'enregistrement de noms de domaines - Christophe Casalegno.mp4,87275103,/home/abdelwahed/Bureau/DESKTOP/from_Scratch/niveau-script-avancee/Livecoding bash  surveiller l'enregistrement de noms de domaines - Christophe Casalegno.mp4
Livecoding  écrire un script de backup Linux Fichiers et MySQL en shell BASH (Partie 1).mp4,183732239,/home/abdelwahed/Bureau/DESKTOP/from_Scratch/niveau-script-avancee/vues/Livecoding  écrire un script de backup Linux Fichiers et MySQL en shell BASH (Partie 1).mp4
Les fondements du métier d’infogéreur - Christophe Casalegno.mp4,10262028,/home/abdelwahed/Bureau/DESKTOP/from_Scratch/niveau-script-avancee/Les fondements du métier d’infogéreur - Christophe Casalegno.mp4
J'ai traqué ce pirate informatique sur 3 continents ! - Christophe Casalegno.mp4,103998882,/home/abdelwahed/Bureau/DESKTOP/from_Scratch/niveau-script-avancee/J'ai traqué ce pirate informatique sur 3 continents ! - Christophe Casalegno.mp4
J'ai sauvé ce Fournisseur d'accès Internet (FAI) d'une attaque informatique - Christophe Casalegno.mp4,362187491,/home/abdelwahed/Bureau/DESKTOP/from_Scratch/niveau-script-avancee/J'ai sauvé ce Fournisseur d'accès Internet (FAI) d'une attaque informatique - Christophe Casalegno.mp4
Live coding  L'API Pingdom  Solarwinds dans un script SHELL BASH LINUX - Christophe Casalegno.mp4,178702061,/home/abdelwahed/Bureau/DESKTOP/from_Scratch/niveau-script-avancee/Live coding  L'API Pingdom  Solarwinds dans un script SHELL BASH LINUX - Christophe Casalegno.mp4
Livecoding bash _ mesurer la mémoire consommée par des PIDs sous Linux - Christophe Casalegno.mp4,56677857,/home/abdelwahed/Bureau/DESKTOP/from_Scratch/niveau-script-avancee/Livecoding bash _ mesurer la mémoire consommée par des PIDs sous Linux - Christophe Casalegno.mp4
Livecoding  écrire un script de backup Linux Fichiers et MySQL  MariaDB en shell BASH (Partie 5).mp4,582001094,/home/abdelwahed/Bureau/DESKTOP/from_Scratch/niveau-script-avancee/script_backup/Livecoding  écrire un script de backup Linux Fichiers et MySQL  MariaDB en shell BASH (Partie 5).mp4
Livecoding _ écrire un script de backup en BASH sous Linux _ on optimise ! (Partie 6).mp4,250759823,/home/abdelwahed/Bureau/DESKTOP/from_Scratch/niveau-script-avancee/script_backup/Livecoding _ écrire un script de backup en BASH sous Linux _ on optimise ! (Partie 6).mp4
Livecoding _ écrire un script de backup en BASH sous Linux _ on fixe et on filtre ! (Partie 7).mp4,160483750,/home/abdelwahed/Bureau/DESKTOP/from_Scratch/niveau-script-avancee/script_backup/Livecoding _ écrire un script de backup en BASH sous Linux _ on fixe et on filtre ! (Partie 7).mp4
Livecoding _ écrire un script de backup Linux Fichiers et MySQL _ MariaDB en shell BASH (Partie 4).mp4,123053223,/home/abdelwahed/Bureau/DESKTOP/from_Scratch/niveau-script-avancee/script_backup/Livecoding _ écrire un script de backup Linux Fichiers et MySQL _ MariaDB en shell BASH (Partie 4).mp4
Livecoding  écrire un script de backup Linux Fichiers et MySQL  MariaDB en shell BASH (Partie 2).mp4,84751060,/home/abdelwahed/Bureau/DESKTOP/from_Scratch/niveau-script-avancee/script_backup/Livecoding  écrire un script de backup Linux Fichiers et MySQL  MariaDB en shell BASH (Partie 2).mp4
Live coding  un script de monitoring serveur complet en BASH sous Linux - Christophe Casalegno.mp4,702611237,/home/abdelwahed/Bureau/DESKTOP/from_Scratch/niveau-script-avancee/Live coding  un script de monitoring serveur complet en BASH sous Linux - Christophe Casalegno.mp4
Migrer 1500 applications avec du BASH _ l'analyse - Christophe Casalegno.mp4,275286299,/home/abdelwahed/Bureau/DESKTOP/from_Scratch/niveau-script-avancee/Migrer 1500 applications avec du BASH _ l'analyse - Christophe Casalegno.mp4
Livecoding _ un firewall en bash sous Linux - Christophe Casalegno.mp4,315118610,/home/abdelwahed/Bureau/DESKTOP/from_Scratch/niveau-script-avancee/Livecoding _ un firewall en bash sous Linux - Christophe Casalegno.mp4
VID_20230120_142917.mp4,2498086,/home/abdelwahed/Bureau/DESKTOP/Images_nature/others/VID_20230120_142917.mp4
VID_20230114_141111.mp4,7795508,/home/abdelwahed/Bureau/DESKTOP/Images_nature/others/VID_20230114_141111.mp4
VID_20230114_115030.mp4,22879701,/home/abdelwahed/Bureau/DESKTOP/Images_nature/others/VID_20230114_115030.mp4
VID_20230106_162409.mp4,7705330,/home/abdelwahed/Bureau/DESKTOP/Images_nature/others/VID_20230106_162409.mp4
VID_20221224_161036.mp4,69465347,/home/abdelwahed/Bureau/DESKTOP/Images_nature/others/VID_20221224_161036.mp4
VID_20230115_153040.mp4,146502843,/home/abdelwahed/Bureau/DESKTOP/Images_nature/others/VID_20230115_153040.mp4
Lecture 39 Microkernel, Exokernel, Multikernel.mp4,120178150,/home/abdelwahed/Bureau/DESKTOP/Lecture_hindi_linux_/Lecture 39 Microkernel, Exokernel, Multikernel.mp4
Lecture 34 Crash Recovery and Logging.mp4,122392589,/home/abdelwahed/Bureau/DESKTOP/Lecture_hindi_linux_/Lecture 34 Crash Recovery and Logging.mp4
Lecture 37 Scheduling Policies.mp4,128236075,/home/abdelwahed/Bureau/DESKTOP/Lecture_hindi_linux_/Lecture 37 Scheduling Policies.mp4
Lecture 36 Protection and Security.mp4,131262540,/home/abdelwahed/Bureau/DESKTOP/Lecture_hindi_linux_/Lecture 36 Protection and Security.mp4
Lecture 25 Multiple producer-multiple consumer queue, Semaphore.mp4,128957768,/home/abdelwahed/Bureau/DESKTOP/Lecture_hindi_linux_/Lecture 25 Multiple producer-multiple consumer queue, Semaphore.mp4
Lecture 27 Synchronization in xv6 acquirerelease, sleepwakeup, exitwait.mp4,115265523,/home/abdelwahed/Bureau/DESKTOP/Lecture_hindi_linux_/Lecture 27 Synchronization in xv6 acquirerelease, sleepwakeup, exitwait.mp4
Lecture 38 Lock-free multiprocessor coordination, Read-Copy-Update.mp4,120137325,/home/abdelwahed/Bureau/DESKTOP/Lecture_hindi_linux_/Lecture 38 Lock-free multiprocessor coordination, Read-Copy-Update.mp4
Lecture 14 Loading the Kernel, Initializing the Page Table.mp4,127558003,/home/abdelwahed/Bureau/DESKTOP/Lecture_hindi_linux_/vues/Lecture 14 Loading the Kernel, Initializing the Page Table.mp4
Lecture 3 Threads, Address Spaces, Filesystem, Devices.mp4,123982194,/home/abdelwahed/Bureau/DESKTOP/Lecture_hindi_linux_/vues/Lecture 3 Threads, Address Spaces, Filesystem, Devices.mp4
Lecture 9 Kernel data structures, Memory Management.mp4,117849055,/home/abdelwahed/Bureau/DESKTOP/Lecture_hindi_linux_/vues/Lecture 9 Kernel data structures, Memory Management.mp4
Lecture 5 x86 Instruction Set, GCC Calling Conventions.mp4,75983849,/home/abdelwahed/Bureau/DESKTOP/Lecture_hindi_linux_/vues/Lecture 5 x86 Instruction Set, GCC Calling Conventions.mp4
Lecture 23 Locking variations.mp4,127916259,/home/abdelwahed/Bureau/DESKTOP/Lecture_hindi_linux_/vues/Lecture 23 Locking variations.mp4
Lecture 20 Handling User Pointers, Concurrency.mp4,80930213,/home/abdelwahed/Bureau/DESKTOP/Lecture_hindi_linux_/vues/Lecture 20 Handling User Pointers, Concurrency.mp4
Lecture 19 Creating the first process.mp4,119916866,/home/abdelwahed/Bureau/DESKTOP/Lecture_hindi_linux_/vues/Lecture 19 Creating the first process.mp4
Lecture 2 Introduction to UNIX System Calls Part 2.mp4,95290778,/home/abdelwahed/Bureau/DESKTOP/Lecture_hindi_linux_/vues/Lecture 2 Introduction to UNIX System Calls Part 2.mp4
Lecture 15 Setting up page table for user processes.mp4,109339191,/home/abdelwahed/Bureau/DESKTOP/Lecture_hindi_linux_/vues/Lecture 15 Setting up page table for user processes.mp4
Lecture 24 Condition Variables.mp4,126216173,/home/abdelwahed/Bureau/DESKTOP/Lecture_hindi_linux_/vues/Lecture 24 Condition Variables.mp4
Lecture 18 Process kernel stack, Scheduler, Fork.mp4,121650983,/home/abdelwahed/Bureau/DESKTOP/Lecture_hindi_linux_/vues/Lecture 18 Process kernel stack, Scheduler, Fork.mp4
Lecture 1 Introduction to UNIX System Calls Part 1.mp4,98404501,/home/abdelwahed/Bureau/DESKTOP/Lecture_hindi_linux_/vues/Lecture 1 Introduction to UNIX System Calls Part 1.mp4
Lecture 22 Fine-grained locking and its challenges.mp4,118112219,/home/abdelwahed/Bureau/DESKTOP/Lecture_hindi_linux_/vues/Lecture 22 Fine-grained locking and its challenges.mp4
Lecture 31 Storage devices, Filesystem interfaces.mp4,121660907,/home/abdelwahed/Bureau/DESKTOP/Lecture_hindi_linux_/vues/Lecture 31 Storage devices, Filesystem interfaces.mp4
Lecture 8 Traps, Trap Handlers.mp4,124071706,/home/abdelwahed/Bureau/DESKTOP/Lecture_hindi_linux_/vues/Lecture 8 Traps, Trap Handlers.mp4
Lecture 32 Filesystem Implementation.mp4,111498147,/home/abdelwahed/Bureau/DESKTOP/Lecture_hindi_linux_/vues/Lecture 32 Filesystem Implementation.mp4
Lecture 10 Segmentation Review, Introduction to Paging.mp4,111520521,/home/abdelwahed/Bureau/DESKTOP/Lecture_hindi_linux_/vues/Lecture 10 Segmentation Review, Introduction to Paging.mp4
Lecture 16 Processes in action.mp4,116207692,/home/abdelwahed/Bureau/DESKTOP/Lecture_hindi_linux_/vues/Lecture 16 Processes in action.mp4
Lecture 6 Physical Memory Map, IO, Segmentation.mp4,127353024,/home/abdelwahed/Bureau/DESKTOP/Lecture_hindi_linux_/vues/Lecture 6 Physical Memory Map, IO, Segmentation.mp4
Lecture 12 Process Address Spaces using Paging.mp4,111610140,/home/abdelwahed/Bureau/DESKTOP/Lecture_hindi_linux_/vues/Lecture 12 Process Address Spaces using Paging.mp4
Lecture 13 Translation Lookaside Buffer, Large Pages, Boot Sector.mp4,113531380,/home/abdelwahed/Bureau/DESKTOP/Lecture_hindi_linux_/vues/Lecture 13 Translation Lookaside Buffer, Large Pages, Boot Sector.mp4
Lecture 4 PC Architecture.mp4,124795121,/home/abdelwahed/Bureau/DESKTOP/Lecture_hindi_linux_/vues/Lecture 4 PC Architecture.mp4
Lecture 17 Process structure, Context switching.mp4,110685032,/home/abdelwahed/Bureau/DESKTOP/Lecture_hindi_linux_/vues/Lecture 17 Process structure, Context switching.mp4
Lecture 11 Paging.mp4,123863858,/home/abdelwahed/Bureau/DESKTOP/Lecture_hindi_linux_/vues/Lecture 11 Paging.mp4
Lecture 21 Locking.mp4,122995650,/home/abdelwahed/Bureau/DESKTOP/Lecture_hindi_linux_/vues/Lecture 21 Locking.mp4
Lecture 7 Segmentation, Trap Handling.mp4,115577830,/home/abdelwahed/Bureau/DESKTOP/Lecture_hindi_linux_/vues/Lecture 7 Segmentation, Trap Handling.mp4
Lecture 26 Transactions and lock-free primitives, Readwrite locks.mp4,116959541,/home/abdelwahed/Bureau/DESKTOP/Lecture_hindi_linux_/Lecture 26 Transactions and lock-free primitives, Readwrite locks.mp4
Lecture 40 Virtualization, Cloud Computing, Technology Trends.mp4,136201679,/home/abdelwahed/Bureau/DESKTOP/Lecture_hindi_linux_/Lecture 40 Virtualization, Cloud Computing, Technology Trends.mp4
Lecture 33 Filesystem Operations.mp4,113152595,/home/abdelwahed/Bureau/DESKTOP/Lecture_hindi_linux_/Lecture 33 Filesystem Operations.mp4
Lecture 35 Logging in Linux ext3 filesystem.mp4,122075685,/home/abdelwahed/Bureau/DESKTOP/Lecture_hindi_linux_/Lecture 35 Logging in Linux ext3 filesystem.mp4
Lecture 29 Demand Paging; Introduction to Page Replacement.mp4,119956573,/home/abdelwahed/Bureau/DESKTOP/Lecture_hindi_linux_/Lecture 29 Demand Paging; Introduction to Page Replacement.mp4
Lecture 28 More sychronization in xv6 kill, IDE device driver; Introduction to Demand Paging.mp4,114158556,/home/abdelwahed/Bureau/DESKTOP/Lecture_hindi_linux_/Lecture 28 More sychronization in xv6 kill, IDE device driver; Introduction to Demand Paging.mp4
Lecture 30 Page Replacement, Thrashing.mp4,113316275,/home/abdelwahed/Bureau/DESKTOP/Lecture_hindi_linux_/Lecture 30 Page Replacement, Thrashing.mp4
COMPANY.mp4,423462058,/home/abdelwahed/Bureau/DESKTOP/Bright_coding/COMPANY.mp4
Api.mp4,199073843,/home/abdelwahed/Bureau/DESKTOP/Bright_coding/Api.mp4
meeting.mp4,236753160,/home/abdelwahed/Bureau/DESKTOP/Bright_coding/meeting.mp4
skills.mp4,194050237,/home/abdelwahed/Bureau/DESKTOP/Bright_coding/skills.mp4
Montage vidéo Linux avec Davinci Resolve 17.mp4,44932031,/home/abdelwahed/Bureau/DESKTOP/others/Montage vidéo Linux avec Davinci Resolve 17.mp4
How to add a system call to Linux Kernel-4.8.8.mp4,34284526,/home/abdelwahed/Bureau/DESKTOP/others/How to add a system call to Linux Kernel-4.8.8.mp4
Write and Submit your first Linux kernel Patch.mp4,52865343,/home/abdelwahed/Bureau/DESKTOP/others/Write and Submit your first Linux kernel Patch.mp4
Yocto Linux #6 - Application Deployment.mp4,51516596,/home/abdelwahed/Bureau/DESKTOP/others/Yocto Linux #6 - Application Deployment.mp4
Python 2 Vs Python 3.mp4,20480858,/home/abdelwahed/Bureau/DESKTOP/others/Python 2 Vs Python 3.mp4
Intro to Embedded Programming.mp4,38012523,/home/abdelwahed/Bureau/DESKTOP/others/Intro to Embedded Programming.mp4
Linux Kernel Programming 01 Compile and Boot.mp4,105574195,/home/abdelwahed/Bureau/DESKTOP/others/Linux Kernel Programming 01 Compile and Boot.mp4
Yocto Linux #3 - Hello World Kernel Module.mp4,73737910,/home/abdelwahed/Bureau/DESKTOP/others/Yocto Linux #3 - Hello World Kernel Module.mp4
Introduction to Linux Device Drivers   Part 1 The Basics.mp4,29018514,/home/abdelwahed/Bureau/DESKTOP/others/Introduction to Linux Device Drivers   Part 1 The Basics.mp4
01 - Network Fundamentals.mp4,251823845,/home/abdelwahed/Bureau/DESKTOP/others/01 - Network Fundamentals.mp4
GNU sed - the stream editor.mp4,120846726,/home/abdelwahed/Bureau/DESKTOP/others/GNU sed - the stream editor.mp4
Family.History.Mysteries.Buried.Past.2023.720p.PCOK.WEB-DL.MyCima.world.mp4,748647605,/home/abdelwahed/Bureau/DESKTOP/others/Family.History.Mysteries.Buried.Past.2023.720p.PCOK.WEB-DL.MyCima.world.mp4
Yocto Linux #4 - Kernel Module read, write, ioctl.mp4,89371915,/home/abdelwahed/Bureau/DESKTOP/others/Yocto Linux #4 - Kernel Module read, write, ioctl.mp4
Getting pixels on screen on Linux introduction to Kernel Mode Setting - Simon Ser.mp4,71148305,/home/abdelwahed/Bureau/DESKTOP/others/Getting pixels on screen on Linux introduction to Kernel Mode Setting - Simon Ser.mp4
How install libraries in qpython.mp4,3612725,/home/abdelwahed/Bureau/DESKTOP/others/How install libraries in qpython.mp4
شرح مختصر شامل الأساسيات عن TMUX LINUX.mp4,57351081,/home/abdelwahed/Bureau/DESKTOP/others/شرح مختصر شامل الأساسيات عن TMUX LINUX.mp4
(x86-64) GNU Assembler Crash-Course.mp4,214180656,/home/abdelwahed/Bureau/DESKTOP/others/(x86-64) GNU Assembler Crash-Course.mp4
(Re) Découvrir les outils UNIX (Grégoire Pineau).mp4,48751198,/home/abdelwahed/Bureau/DESKTOP/others/(Re) Découvrir les outils UNIX (Grégoire Pineau).mp4
Build a Kubernetes Cloud-Computing Cluster.mp4,147782574,/home/abdelwahed/Bureau/DESKTOP/others/Build a Kubernetes Cloud-Computing Cluster.mp4
How Cloud-Computing works.mp4,250036498,/home/abdelwahed/Bureau/DESKTOP/others/How Cloud-Computing works.mp4
Encryption (SSLTLS, RSA, Certificates, CAs).mp4,252906815,/home/abdelwahed/Bureau/DESKTOP/others/Encryption (SSLTLS, RSA, Certificates, CAs).mp4
Passer sur Linux quand on est créateur de contenu  (YouTube, Twitch, DaVinci Resolve).mp4,58657813,/home/abdelwahed/Bureau/DESKTOP/others/Passer sur Linux quand on est créateur de contenu  (YouTube, Twitch, DaVinci Resolve).mp4
linux dma in device drivers.mp4,29321205,/home/abdelwahed/Bureau/DESKTOP/others/linux dma in device drivers.mp4
Yocto Linux #5 - Final kernel driver.mp4,82857653,/home/abdelwahed/Bureau/DESKTOP/others/Yocto Linux #5 - Final kernel driver.mp4
Yocto Linux #1 - Initial setup and ZedBoard bring-up.mp4,71350204,/home/abdelwahed/Bureau/DESKTOP/others/Yocto Linux #1 - Initial setup and ZedBoard bring-up.mp4
Linux 101 (cour 17 - Udev.mp4,77640422,/home/abdelwahed/Bureau/DESKTOP/linux101_102/18files/planning/cours/Linux 101 (cour 17 - Udev.mp4
Linux 101 - problème de SON (cour 9 - Périphérique (device) - suite ).mp4,129025440,/home/abdelwahed/Bureau/DESKTOP/linux101_102/18files/planning/cours/Linux 101 - problème de SON (cour 9 - Périphérique (device) - suite ).mp4
Linux 101 (cour 6 -  permission des fichiers , lien symbolique ) prob son 27 minutes désolé.mp4,77126413,/home/abdelwahed/Bureau/DESKTOP/linux101_102/18files/planning/cours/Linux 101 (cour 6 -  permission des fichiers , lien symbolique ) prob son 27 minutes désolé.mp4
Linux 101 (cour 12 - Révision des pipes suite et fin ).mp4,44262106,/home/abdelwahed/Bureau/DESKTOP/linux101_102/18files/planning/cours/Linux 101 (cour 12 - Révision des pipes suite et fin ).mp4
Linux 101 (cour 15 - Scripting Bash - suite et fin).mp4,92414551,/home/abdelwahed/Bureau/DESKTOP/linux101_102/18files/planning/cours/Linux 101 (cour 15 - Scripting Bash - suite et fin).mp4
Linux 101 (cour 16 - Réponse de latelier).mp4,51448202,/home/abdelwahed/Bureau/DESKTOP/linux101_102/18files/planning/cours/Linux 101 (cour 16 - Réponse de latelier).mp4
Linux 101 (cour 10 - Révision Pipe ).mp4,76256150,/home/abdelwahed/Bureau/DESKTOP/linux101_102/18files/planning/cours/Linux 101 (cour 10 - Révision Pipe ).mp4
Linux 101 (cour 8 - Périphérique (device) ).mp4,68514902,/home/abdelwahed/Bureau/DESKTOP/linux101_102/18files/planning/cours/Linux 101 (cour 8 - Périphérique (device) ).mp4
Linux 101 (cour 14 - Scripting Bash - suite ).mp4,73807697,/home/abdelwahed/Bureau/DESKTOP/linux101_102/18files/planning/cours/Linux 101 (cour 14 - Scripting Bash - suite ).mp4
Linux 101 (cours 5 - Redirection de flux ).mp4,60897864,/home/abdelwahed/Bureau/DESKTOP/linux101_102/18files/planning/cours/Linux 101 (cours 5 - Redirection de flux ).mp4
Linux 101 (cour 13 - Scripting Bash ).mp4,88711425,/home/abdelwahed/Bureau/DESKTOP/linux101_102/18files/planning/cours/Linux 101 (cour 13 - Scripting Bash ).mp4
Linux 101 (cour 11 - Révision pipe suite ).mp4,55874578,/home/abdelwahed/Bureau/DESKTOP/linux101_102/18files/planning/cours/Linux 101 (cour 11 - Révision pipe suite ).mp4
Linux 101 (cour 6 -  Redirection de flux  suite , chaînage de commandes ).mp4,59658545,/home/abdelwahed/Bureau/DESKTOP/linux101_102/18files/planning/cours/Linux 101 (cour 6 -  Redirection de flux  suite , chaînage de commandes ).mp4
Linux 101 (cour 7 - permission des fichiers , lien symbolique  suite).mp4,52456865,/home/abdelwahed/Bureau/DESKTOP/linux101_102/18files/planning/cours/Linux 101 (cour 7 - permission des fichiers , lien symbolique  suite).mp4
Linux 202 ( Cours 23 - Performance Apache - suite  ).mp4,93204946,/home/abdelwahed/Bureau/DESKTOP/linux101_102/Linux 202 ( Cours 23 - Performance Apache - suite  ).mp4
Linux 202 ( Cours 24 - Performance Apache - suite et fin  ).mp4,95161743,/home/abdelwahed/Bureau/DESKTOP/linux101_102/Linux 202 ( Cours 24 - Performance Apache - suite et fin  ).mp4
Linux 101 (cour 4 - éditeur de texte VIM).mp4,81834043,/home/abdelwahed/Bureau/DESKTOP/linux101_102/vues/Linux 101 (cour 4 - éditeur de texte VIM).mp4
Linux 101 (cour 2 - commandes de base la suite).mp4,43947661,/home/abdelwahed/Bureau/DESKTOP/linux101_102/vues/Linux 101 (cour 2 - commandes de base la suite).mp4
Linux 101 (cour 1 - commandes de base).mp4,59016349,/home/abdelwahed/Bureau/DESKTOP/linux101_102/vues/Linux 101 (cour 1 - commandes de base).mp4
Linux 101 (cour 3 - Truc astuces Bash et installation de  logiciels).mp4,77361374,/home/abdelwahed/Bureau/DESKTOP/linux101_102/vues/Linux 101 (cour 3 - Truc astuces Bash et installation de  logiciels).mp4
Linux 202 ( Cours 22 - Performance Apache  ).mp4,95913913,/home/abdelwahed/Bureau/DESKTOP/linux101_102/Linux 202 ( Cours 22 - Performance Apache  ).mp4
Administration de GNULinux (Linux201 cours 1).mp4,54950845,/home/abdelwahed/Bureau/DESKTOP/linux101_102/Administration de GNULinux (Linux201 cours 1).mp4
TDD Full Course (Learn Test Driven Development with Python).mp4,124463987,/home/abdelwahed/Bureau/OTHERS/06022023/TDD Full Course (Learn Test Driven Development with Python).mp4
How to sale Digital Services Online ??_?? ?????? ????? ??? ??????? ??????? ??? ????????.mp4,64437410,/home/abdelwahed/Bureau/OTHERS/06022023/How to sale Digital Services Online ??_?? ?????? ????? ??? ??????? ??????? ??? ????????.mp4
كيف تصبح مبرمجا محترفا بالتفصيل - The Clean Coder.mp4,743008932,/home/abdelwahed/Bureau/OTHERS/06022023/كيف تصبح مبرمجا محترفا بالتفصيل - The Clean Coder.mp4
اسهل طريقة في تعلم برنامج اكسيل Microsoft Excel من البداية الي الاحتراف  Zero To Hero فيديو واحد.mp4,414091099,/home/abdelwahed/Bureau/OTHERS/06022023/اسهل طريقة في تعلم برنامج اكسيل Microsoft Excel من البداية الي الاحتراف  Zero To Hero فيديو واحد.mp4
دروس قاسية من 2021.mp4,270501952,/home/abdelwahed/Bureau/OTHERS/06022023/دروس قاسية من 2021.mp4
Do It Today Overcome Procrastination Improve Productivity and Achieve More Meaningful Thing.mp4,175123237,/home/abdelwahed/Bureau/OTHERS/06022023/Do It Today Overcome Procrastination Improve Productivity and Achieve More Meaningful Thing.mp4
Build A Machine Learning Web App From Scratch.mp4,81745054,/home/abdelwahed/Bureau/OTHERS/06022023/Build A Machine Learning Web App From Scratch.mp4
Roadmap to ChatGPT and AI mastery.mp4,97806879,/home/abdelwahed/Bureau/OTHERS/06022023/Roadmap to ChatGPT and AI mastery.mp4
MS Excel Macro  تعلم برنامج الأكسل - شرح الماكرو.mp4,22322054,/home/abdelwahed/Bureau/OTHERS/06022023/MS Excel Macro  تعلم برنامج الأكسل - شرح الماكرو.mp4
Learn C Programming with Dr Chuck (feat classic book by Kernighan and Ritchie).mp4,852851429,/home/abdelwahed/Bureau/OTHERS/06022023/Learn C Programming with Dr Chuck (feat classic book by Kernighan and Ritchie).mp4
رسالتي الأخيرة  حسونة اكاديمي  مباشر.mp4,81236319,/home/abdelwahed/Bureau/OTHERS/06022023/رسالتي الأخيرة  حسونة اكاديمي  مباشر.mp4
Daoudi - youm yachbah youm الداودي _ يوم يشبه يوم في حياتي.mp4,9901942,/home/abdelwahed/Bureau/OTHERS/06022023/Daoudi - youm yachbah youm الداودي _ يوم يشبه يوم في حياتي.mp4
birds.mp4,468755,/home/abdelwahed/Bureau/OTHERS/OLD/fastproject/wp-content/themes/twentytwentytwo/assets/videos/birds.mp4
birds.mp4,468755,/home/abdelwahed/Bureau/OTHERS/OLD/wordpress/wp-content/themes/twentytwentytwo/assets/videos/birds.mp4
birds.mp4,468755,/home/abdelwahed/Bureau/OTHERS/OLD/morefast/wp-content/themes/twentytwentytwo/assets/videos/birds.mp4
birds.mp4,468755,/home/abdelwahed/Bureau/OTHERS/OLD/chatgpt/wp-content/themes/twentytwentytwo/assets/videos/birds.mp4
CHATGPT + VBA EXCEL  Débuter  dans lutilisation  comment faire une macro en français.mp4,8948017,/home/abdelwahed/Bureau/OTHERS/13022023/CHATGPT + VBA EXCEL  Débuter  dans lutilisation  comment faire une macro en français.mp4
Je dissèque des messages de prospection créés par lintelligence artificielle (ChatGPT).mp4,16118519,/home/abdelwahed/Bureau/OTHERS/13022023/Je dissèque des messages de prospection créés par lintelligence artificielle (ChatGPT).mp4
Carrière de dev  devenir salarié en ESN  SSII.mp4,44720536,/home/abdelwahed/Bureau/OTHERS/13022023/Carrière de dev  devenir salarié en ESN  SSII.mp4
9 mois pour sortir un MVP (.mp4,34643304,/home/abdelwahed/Bureau/OTHERS/13022023/9 mois pour sortir un MVP (.mp4
How to install Ubuntu on your Android device.mp4,11654843,/home/abdelwahed/Bureau/OTHERS/13022023/How to install Ubuntu on your Android device.mp4
Train Your Brain To BECOME LIMITLESS & Achieve ANY GOAL You Have  John Assaraf.mp4,95709739,/home/abdelwahed/Bureau/OTHERS/13022023/Train Your Brain To BECOME LIMITLESS & Achieve ANY GOAL You Have  John Assaraf.mp4
The BEST Tips for Professional Sales People - Grant Cardone.mp4,88883675,/home/abdelwahed/Bureau/OTHERS/13022023/The BEST Tips for Professional Sales People - Grant Cardone.mp4
A Live Sales Call by Grant Cardone.mp4,50258748,/home/abdelwahed/Bureau/OTHERS/13022023/A Live Sales Call by Grant Cardone.mp4
Grant Cardone Teaches Billion Dollar Company How To Use Social Media To Sell.mp4,87414327,/home/abdelwahed/Bureau/OTHERS/13022023/Grant Cardone Teaches Billion Dollar Company How To Use Social Media To Sell.mp4
So Good They Cant Ignore You  - Cal Newport (full audiobook).mp4,340954199,/home/abdelwahed/Bureau/OTHERS/13022023/So Good They Cant Ignore You  - Cal Newport (full audiobook).mp4
h264.mp4,161,/home/abdelwahed/Bureau/OTHERS/update_subtitle/FFmpeg/tests/ref/lavf-fate/h264.mp4
av1.mp4,157,/home/abdelwahed/Bureau/OTHERS/update_subtitle/FFmpeg/tests/ref/lavf-fate/av1.mp4
birds.mp4,468755,/home/abdelwahed/Bureau/OTHERS/Téléchargement/WORDPRESS/wordpress6/wordpress/wp-content/themes/twentytwentytwo/assets/videos/birds.mp4
birds.mp4,468755,/home/abdelwahed/Bureau/OTHERS/wordpress/wp-content/themes/twentytwentytwo/assets/videos/birds.mp4
ChatGPT absolutely DOMINATES Arduino programming.mp4,39008224,/home/abdelwahed/Bureau/OTHERS/09022023/ChatGPT absolutely DOMINATES Arduino programming.mp4
كيف تصبح مبرمج محترف و قوى فى اسرع وقت.mp4,40102637,/home/abdelwahed/Bureau/OTHERS/09022023/كيف تصبح مبرمج محترف و قوى فى اسرع وقت.mp4
How ChatGPT is Trained.mp4,12741608,/home/abdelwahed/Bureau/OTHERS/09022023/How ChatGPT is Trained.mp4
Can ChatGPT Generate Circuit Components.mp4,16846353,/home/abdelwahed/Bureau/OTHERS/09022023/Can ChatGPT Generate Circuit Components.mp4
Quel Business Lancer Avec Chat GPT En 2023 .mp4,125856798,/home/abdelwahed/Bureau/OTHERS/09022023/Quel Business Lancer Avec Chat GPT En 2023 .mp4
So Good They Cant Ignore You  - Cal Newport (full audiobook).mp4,340954199,/home/abdelwahed/Bureau/OTHERS/09022023/So Good They Cant Ignore You  - Cal Newport (full audiobook).mp4
Deep work by cal newport  full Audiobook.mp4,584108017,/home/abdelwahed/Bureau/OTHERS/09022023/Deep work by cal newport  full Audiobook.mp4
Extraire des données dun site avec ChatGpt.mp4,23523886,/home/abdelwahed/Bureau/OTHERS/09022023/Extraire des données dun site avec ChatGpt.mp4
Reviewing and Merging Pull Requests - Live Coding with Jesse.mp4,163309892,/home/abdelwahed/Bureau/OTHERS/03022023/Pull_Request/Reviewing and Merging Pull Requests - Live Coding with Jesse.mp4
Merging a Pull Request from GitHub - Live Coding with Jesse.mp4,79543191,/home/abdelwahed/Bureau/OTHERS/03022023/Pull_Request/Merging a Pull Request from GitHub - Live Coding with Jesse.mp4
How to Submit a Pull Request.mp4,36654021,/home/abdelwahed/Bureau/OTHERS/03022023/Pull_Request/How to Submit a Pull Request.mp4
Merging Pull Requests with Git and Github (P4D14) - Live Coding with Jesse.mp4,153215167,/home/abdelwahed/Bureau/OTHERS/03022023/Pull_Request/Merging Pull Requests with Git and Github (P4D14) - Live Coding with Jesse.mp4
ASMR Programming - Coding Pacman - No Talking.mp4,206933968,/home/abdelwahed/Bureau/OTHERS/03022023/Pull_Request/ASMR Programming - Coding Pacman - No Talking.mp4
Merging GitHub Pull Requests (P4D8) - Live Coding with Jesse.mp4,128797987,/home/abdelwahed/Bureau/OTHERS/03022023/Pull_Request/Merging GitHub Pull Requests (P4D8) - Live Coding with Jesse.mp4
Writing Garbage Collector in C.mp4,208659531,/home/abdelwahed/Bureau/OTHERS/03022023/Pull_Request/Writing Garbage Collector in C.mp4
Lets Build ChatGPT 2.0 with React JS and OpenAI on your PC!.mp4,166372258,/home/abdelwahed/Bureau/OTHERS/03022023/Lets Build ChatGPT 2.0 with React JS and OpenAI on your PC!.mp4
Full HTTP Networking Course – Fetch and REST APIs in JavaScript.mp4,522069056,/home/abdelwahed/Bureau/OTHERS/03022023/FREECODECAMP/Full HTTP Networking Course – Fetch and REST APIs in JavaScript.mp4
Linux for Ethical Hackers (Kali Linux Tutorial).mp4,155412299,/home/abdelwahed/Bureau/OTHERS/03022023/FREECODECAMP/Linux for Ethical Hackers (Kali Linux Tutorial).mp4
Learn PostgreSQL Tutorial - Full Course for Beginners.mp4,313943218,/home/abdelwahed/Bureau/OTHERS/03022023/FREECODECAMP/Learn PostgreSQL Tutorial - Full Course for Beginners.mp4
5 SECRET Ways to Become a Speed Learner With ChatGPT.mp4,14575243,/home/abdelwahed/Bureau/OTHERS/03022023/VUES/5 SECRET Ways to Become a Speed Learner With ChatGPT.mp4
23 Ways to Make Money with ChatGPT in 2023.mp4,33470387,/home/abdelwahed/Bureau/OTHERS/03022023/VUES/23 Ways to Make Money with ChatGPT in 2023.mp4
Use ChatGPT to launch an IoT business.mp4,4393386,/home/abdelwahed/Bureau/OTHERS/03022023/VUES/Use ChatGPT to launch an IoT business.mp4
Analysing Data with ChatGPT  (Data Analysis and ML ).mp4,20863856,/home/abdelwahed/Bureau/OTHERS/03022023/VUES/Analysing Data with ChatGPT  (Data Analysis and ML ).mp4
Build a Web Browser Using ChatGPT and Python  in 2 Minutes  #chatgpt #openai.mp4,4195474,/home/abdelwahed/Bureau/OTHERS/03022023/VUES/Build a Web Browser Using ChatGPT and Python  in 2 Minutes  #chatgpt #openai.mp4
Using Canvas FREE AI Text-to-IMAGE Generator.mp4,5140938,/home/abdelwahed/Bureau/OTHERS/03022023/VUES/Using Canvas FREE AI Text-to-IMAGE Generator.mp4
Make Money Online with ChatGPT    Build a Tool website + Google AdSense Money  #chatgpt #openai.mp4,13771650,/home/abdelwahed/Bureau/OTHERS/03022023/VUES/Make Money Online with ChatGPT    Build a Tool website + Google AdSense Money  #chatgpt #openai.mp4
Introduction  Comprendre ChatGPT.mp4,12480903,/home/abdelwahed/Bureau/OTHERS/03022023/VUES/Introduction  Comprendre ChatGPT.mp4
Comment générer 100.000€ avec ChatGPT - Astuce, Argent, Stratégie & Explication.mp4,29498634,/home/abdelwahed/Bureau/OTHERS/03022023/VUES/Comment générer 100.000€ avec ChatGPT - Astuce, Argent, Stratégie & Explication.mp4
How to Make Your First $1000 With ChatGPT (still early).mp4,72534473,/home/abdelwahed/Bureau/OTHERS/03022023/VUES/How to Make Your First $1000 With ChatGPT (still early).mp4
Convert py to exe - from code to software.mp4,11183702,/home/abdelwahed/Bureau/OTHERS/03022023/VUES/Convert py to exe - from code to software.mp4
ChatGPT & 3D Printing Self-Replicating AI Machines!.mp4,22982689,/home/abdelwahed/Bureau/OTHERS/03022023/VUES/ChatGPT & 3D Printing Self-Replicating AI Machines!.mp4
Comment ChatGPT Va Changer à Jamais Le Dropshipping.mp4,35904753,/home/abdelwahed/Bureau/OTHERS/03022023/VUES/Comment ChatGPT Va Changer à Jamais Le Dropshipping.mp4
Introduction to Linux Kernel & Device Drivers Part 1 [Arabic].mp4,136317128,/home/abdelwahed/Bureau/OTHERS/03022023/AUTOSAR/Introduction to Linux Kernel & Device Drivers Part 1 [Arabic].mp4
IoT Neural Networks for Embedded Systems by Abdallah Ali (Arabic).mp4,136962255,/home/abdelwahed/Bureau/OTHERS/03022023/AUTOSAR/IoT Neural Networks for Embedded Systems by Abdallah Ali (Arabic).mp4
Session3  sws and srs docs.mp4,114212748,/home/abdelwahed/Bureau/OTHERS/03022023/AUTOSAR/ARABIC_TRAINING/Session3  sws and srs docs.mp4
Session 6 Git Commands.mp4,185406910,/home/abdelwahed/Bureau/OTHERS/03022023/AUTOSAR/ARABIC_TRAINING/Session 6 Git Commands.mp4
Session 5  Introduction to Com stack.mp4,85298279,/home/abdelwahed/Bureau/OTHERS/03022023/AUTOSAR/ARABIC_TRAINING/Session 5  Introduction to Com stack.mp4
AUTOSarZs Introduction.mp4,170251765,/home/abdelwahed/Bureau/OTHERS/03022023/AUTOSAR/ARABIC_TRAINING/vus/AUTOSarZs Introduction.mp4
Session 2 AUTOSAR RTE & SWC.mp4,114979208,/home/abdelwahed/Bureau/OTHERS/03022023/AUTOSAR/ARABIC_TRAINING/vus/Session 2 AUTOSAR RTE & SWC.mp4
Session 1 AUTOSAR Methodology.mp4,259248806,/home/abdelwahed/Bureau/OTHERS/03022023/AUTOSAR/ARABIC_TRAINING/vus/Session 1 AUTOSAR Methodology.mp4
Session 4 CAN Protocol.mp4,155506021,/home/abdelwahed/Bureau/OTHERS/03022023/AUTOSAR/ARABIC_TRAINING/Session 4 CAN Protocol.mp4
Session 7 Branching strategy and Issue tracking.mp4,105945398,/home/abdelwahed/Bureau/OTHERS/03022023/AUTOSAR/ARABIC_TRAINING/Session 7 Branching strategy and Issue tracking.mp4
Introduction to State Machines in Embedded Software Design by Amr Ali (Arabic).mp4,64771565,/home/abdelwahed/Bureau/OTHERS/03022023/AUTOSAR/Introduction to State Machines in Embedded Software Design by Amr Ali (Arabic).mp4
Adaptive Autosar Overview  Part 1 by Eng Islam Abdeen  Embedded Meetup Egypt.mp4,109093900,/home/abdelwahed/Bureau/OTHERS/03022023/AUTOSAR/Adaptive Autosar Overview  Part 1 by Eng Islam Abdeen  Embedded Meetup Egypt.mp4
Intro to OpenWRT by Ronaldo Nunez.mp4,70433929,/home/abdelwahed/Bureau/OTHERS/03022023/AUTOSAR/Intro to OpenWRT by Ronaldo Nunez.mp4
Our grand experiment with ChatGPT and generative AI.mp4,58409999,/home/abdelwahed/Bureau/OTHERS/03022023/Our grand experiment with ChatGPT and generative AI.mp4
CHATGPT Programmation orienté objet Python Ada cybersécurité en Français.mp4,20703479,/home/abdelwahed/Bureau/OTHERS/03022023/CHATGPT Programmation orienté objet Python Ada cybersécurité en Français.mp4
Web Scraping Using ChatGPT  #openai  #chatgpt  #webscraping  extract data from website.mp4,5243351,/home/abdelwahed/Bureau/OTHERS/03022023/Web Scraping Using ChatGPT  #openai  #chatgpt  #webscraping  extract data from website.mp4
ChatGPT ?crit mon livre pour Amazon KDP et DALL.E2 fait la couverture ??.mp4,38585963,/home/abdelwahed/Bureau/OTHERS/03022023/ChatGPT ?crit mon livre pour Amazon KDP et DALL.E2 fait la couverture ??.mp4
CHATGPT texte aléatoire étude et analyse de texte résumés en Français.mp4,19040650,/home/abdelwahed/Bureau/OTHERS/03022023/CHATGPT texte aléatoire étude et analyse de texte résumés en Français.mp4
Comment écrire un article de blog avec ChatGPT et Notion .mp4,37654801,/home/abdelwahed/Bureau/OTHERS/03022023/Comment écrire un article de blog avec ChatGPT et Notion .mp4
ChatGPT Stratégie de trading +20087% de retours.mp4,10957525,/home/abdelwahed/Bureau/OTHERS/03022023/ChatGPT Stratégie de trading +20087% de retours.mp4
CHATGPT et cybersécurité site web ordinateur personnel sauvegardes phishing.mp4,22310358,/home/abdelwahed/Bureau/OTHERS/03022023/CHATGPT et cybersécurité site web ordinateur personnel sauvegardes phishing.mp4
Stanford Webinar - GPT-3 & Beyond.mp4,84140171,/home/abdelwahed/Bureau/OTHERS/03022023/Stanford Webinar - GPT-3 & Beyond.mp4
Startup Mechanics - Kirsty Nathoo, Partner and CFO at Y Combinator - Stanford CS183F.mp4,125433530,/home/abdelwahed/Bureau/OTHERS/07022023/Startup/Startup Mechanics - Kirsty Nathoo, Partner and CFO at Y Combinator - Stanford CS183F.mp4
How to Build a Product I -  Michael Seibel, Steve Huffman, Emmett Shear - Stanford CS183F.mp4,90726241,/home/abdelwahed/Bureau/OTHERS/07022023/Startup/How to Build a Product I -  Michael Seibel, Steve Huffman, Emmett Shear - Stanford CS183F.mp4
Live Office Hours with Yuri Sagalov and Sam Altman - Stanford CS183F Startup School.mp4,86639299,/home/abdelwahed/Bureau/OTHERS/07022023/Startup/Live Office Hours with Yuri Sagalov and Sam Altman - Stanford CS183F Startup School.mp4
How and Why to Start A Startup - Sam Altman & Dustin Moskovitz - Stanford CS183F Startup School.mp4,76524586,/home/abdelwahed/Bureau/OTHERS/07022023/Startup/How and Why to Start A Startup - Sam Altman & Dustin Moskovitz - Stanford CS183F Startup School.mp4
How to Get Ideas & Measure - Stewart Butterfield of Slack & Adam DAngelo of Quora - Stanford CS183F.mp4,77901532,/home/abdelwahed/Bureau/OTHERS/07022023/Startup/How to Get Ideas & Measure - Stewart Butterfield of Slack & Adam DAngelo of Quora - Stanford CS183F.mp4
IA  Cloner sa voix gratuitement ! - [text to speech intelligence artificielle - Coqui ai].mp4,10223934,/home/abdelwahed/Bureau/OTHERS/07022023/IA  Cloner sa voix gratuitement ! - [text to speech intelligence artificielle - Coqui ai].mp4
Deep work by cal newport  full Audiobook.mp4,584108017,/home/abdelwahed/Bureau/OTHERS/14022023/Deep work by cal newport  full Audiobook.mp4
سورة النساء مكتوبة  ماهر المعيقلي.mp4,142088177,/home/abdelwahed/Bureau/OTHERS/corans/سورة النساء مكتوبة  ماهر المعيقلي.mp4
الذى خلقنى فهو يهدين  تلاوة مرئية اسطورية للشيخ عبدالباسط عبدالصمد  من سورة الشعراء.mp4,16049719,/home/abdelwahed/Bureau/OTHERS/corans/الذى خلقنى فهو يهدين  تلاوة مرئية اسطورية للشيخ عبدالباسط عبدالصمد  من سورة الشعراء.mp4
فَلَمَّا جَنَّ عَلَيْهِ اللَّيْلُ  تريح القلب للشيخ المنشاوي.mp4,68197848,/home/abdelwahed/Bureau/OTHERS/corans/فَلَمَّا جَنَّ عَلَيْهِ اللَّيْلُ  تريح القلب للشيخ المنشاوي.mp4
سورة الشعراء كاملة ماهر المعيقلي مع القراءة  من المصحف الشريف جودة عالية.mp4,69627165,/home/abdelwahed/Bureau/OTHERS/corans/سورة الشعراء كاملة ماهر المعيقلي مع القراءة  من المصحف الشريف جودة عالية.mp4
سورة العنكبوت مكتوبة  ماهر المعيقلي.mp4,50676956,/home/abdelwahed/Bureau/OTHERS/corans/سورة العنكبوت مكتوبة  ماهر المعيقلي.mp4
HD آيات الشفاء من كل داء بإذن الله رب الآرض والسماء مع الدعاء.mp4,26136059,/home/abdelwahed/Bureau/OTHERS/corans/HD آيات الشفاء من كل داء بإذن الله رب الآرض والسماء مع الدعاء.mp4
سورة النمل مكتوبة  ماهر المعيقلي.mp4,46250047,/home/abdelwahed/Bureau/OTHERS/corans/سورة النمل مكتوبة  ماهر المعيقلي.mp4
سورة آل عمران مكتوبة  ماهر المعيقلي - Surat Al Imran  Maher Al Muaiqly.mp4,132687819,/home/abdelwahed/Bureau/OTHERS/corans/سورة آل عمران مكتوبة  ماهر المعيقلي - Surat Al Imran  Maher Al Muaiqly.mp4
سورة البقرة مكتوبة  ماهر المعيقلي.mp4,241038326,/home/abdelwahed/Bureau/OTHERS/corans/سورة البقرة مكتوبة  ماهر المعيقلي.mp4
سورة الروم مكتوبة  ماهر المعيقلي.mp4,30853151,/home/abdelwahed/Bureau/OTHERS/corans/سورة الروم مكتوبة  ماهر المعيقلي.mp4
سورة الشعراء كاملة بصوت الشيخ أحمد العجمي.mp4,56185599,/home/abdelwahed/Bureau/OTHERS/corans/سورة الشعراء كاملة بصوت الشيخ أحمد العجمي.mp4
سورة القصص مكتوبة  ماهر المعيقلي.mp4,59057633,/home/abdelwahed/Bureau/OTHERS/corans/سورة القصص مكتوبة  ماهر المعيقلي.mp4
القارئ ماهر المعيقلي ﴿الَّذي خَلَقَني فَهُوَ يَهدينِ﴾.mp4,10696020,/home/abdelwahed/Bureau/OTHERS/corans/القارئ ماهر المعيقلي ﴿الَّذي خَلَقَني فَهُوَ يَهدينِ﴾.mp4
سورة المائدة مكتوبة  ماهر المعيقلي - Surat Al Maidah Maher Al Muaiqly.mp4,135251949,/home/abdelwahed/Bureau/OTHERS/corans/سورة المائدة مكتوبة  ماهر المعيقلي - Surat Al Maidah Maher Al Muaiqly.mp4
الشيخ ماهر المعيقلي - سورة يس (النسخة الأصلية)  ( Surat Yasin (Official Audio.mp4,18933104,/home/abdelwahed/Bureau/OTHERS/corans/الشيخ ماهر المعيقلي - سورة يس (النسخة الأصلية)  ( Surat Yasin (Official Audio.mp4
branching exercise.mp4,66474299,/home/abdelwahed/Bureau/start_C/C_arabic/Excercises/branching exercise.mp4
looping exercise.mp4,64059872,/home/abdelwahed/Bureau/start_C/C_arabic/Excercises/looping exercise.mp4
sequence exercise.mp4,38793392,/home/abdelwahed/Bureau/start_C/C_arabic/Excercises/sequence exercise.mp4
كيف تنشى  قائمة مضيئة بالغة السى.mp4,101123048,/home/abdelwahed/Bureau/start_C/C_arabic/كيف تنشى  قائمة مضيئة بالغة السى.mp4
strings as ( array of characters ).mp4,103663608,/home/abdelwahed/Bureau/start_C/C_arabic/vues/25/strings as ( array of characters ).mp4
Variable Storage Classes or Lifetime.mp4,28346099,/home/abdelwahed/Bureau/start_C/C_arabic/vues/18/Variable Storage Classes or Lifetime.mp4
Variable Scope or availability.mp4,19191123,/home/abdelwahed/Bureau/start_C/C_arabic/vues/18/Variable Scope or availability.mp4
Functions.mp4,69204069,/home/abdelwahed/Bureau/start_C/C_arabic/vues/18/Functions.mp4
The ( ) Conditional operator.mp4,2595255,/home/abdelwahed/Bureau/start_C/C_arabic/vues/9/The ( ) Conditional operator.mp4
union - struct bits.mp4,48329730,/home/abdelwahed/Bureau/start_C/C_arabic/vues/32/union - struct bits.mp4
Do While Loop.mp4,24831518,/home/abdelwahed/Bureau/start_C/C_arabic/vues/17/Do While Loop.mp4
Type Conversion and Casting.mp4,28100122,/home/abdelwahed/Bureau/start_C/C_arabic/vues/13/Type Conversion and Casting.mp4
Relational Operators.mp4,6860988,/home/abdelwahed/Bureau/start_C/C_arabic/vues/7/Relational Operators.mp4
pointer usages.mp4,80858611,/home/abdelwahed/Bureau/start_C/C_arabic/vues/28/pointer usages.mp4
arrays of pointer to struct.mp4,55424058,/home/abdelwahed/Bureau/start_C/C_arabic/vues/30/arrays of pointer to struct.mp4
Searching.mp4,52024853,/home/abdelwahed/Bureau/start_C/C_arabic/vues/22/Searching.mp4
Variable Definitions.mp4,63447215,/home/abdelwahed/Bureau/start_C/C_arabic/vues/2/Variable Definitions.mp4
assignment operator-literals- comments.mp4,37840411,/home/abdelwahed/Bureau/start_C/C_arabic/vues/3/assignment operator-literals- comments.mp4
operator  precedence- Associativity.mp4,4676625,/home/abdelwahed/Bureau/start_C/C_arabic/vues/10/operator  precedence- Associativity.mp4
Array Operations.mp4,40144355,/home/abdelwahed/Bureau/start_C/C_arabic/vues/21/Array Operations.mp4
looping  (for).mp4,48367713,/home/abdelwahed/Bureau/start_C/C_arabic/vues/15/looping  (for).mp4
ٍٍٍSorting.mp4,64570016,/home/abdelwahed/Bureau/start_C/C_arabic/vues/23/ٍٍٍSorting.mp4
file streams (char - string).mp4,95591049,/home/abdelwahed/Bureau/start_C/C_arabic/vues/33/file streams (char - string).mp4
introduction to pointer.mp4,79497911,/home/abdelwahed/Bureau/start_C/C_arabic/vues/26/introduction to pointer.mp4
Recursion.mp4,73687748,/home/abdelwahed/Bureau/start_C/C_arabic/vues/19/Recursion.mp4
Arrays.mp4,82045101,/home/abdelwahed/Bureau/start_C/C_arabic/vues/20/Arrays.mp4
pointer different forms.mp4,75562799,/home/abdelwahed/Bureau/start_C/C_arabic/vues/27/pointer different forms.mp4
Arithmetic Operators- Expressions.mp4,11993014,/home/abdelwahed/Bureau/start_C/C_arabic/vues/4/Arithmetic Operators- Expressions.mp4
Bitwise Operators.mp4,19209786,/home/abdelwahed/Bureau/start_C/C_arabic/vues/12/Bitwise Operators.mp4
Increment and Decrement Operators.mp4,10023726,/home/abdelwahed/Bureau/start_C/C_arabic/vues/6/Increment and Decrement Operators.mp4
switch Statement.mp4,19036341,/home/abdelwahed/Bureau/start_C/C_arabic/vues/14/switch Statement.mp4
linked list - queue - stack.mp4,68606397,/home/abdelwahed/Bureau/start_C/C_arabic/vues/31/linked list - queue - stack.mp4
Assignment operator.mp4,10029027,/home/abdelwahed/Bureau/start_C/C_arabic/vues/5/Assignment operator.mp4
while Statement.mp4,47429639,/home/abdelwahed/Bureau/start_C/C_arabic/vues/16/while Statement.mp4
introduction to struct.mp4,94967537,/home/abdelwahed/Bureau/start_C/C_arabic/vues/29/introduction to struct.mp4
two dimensional array.mp4,170712072,/home/abdelwahed/Bureau/start_C/C_arabic/vues/24/two dimensional array.mp4
files - format input and output ( text - binary ).mp4,121650275,/home/abdelwahed/Bureau/start_C/C_arabic/vues/34/files - format input and output ( text - binary ).mp4
Branching - if.mp4,67300511,/home/abdelwahed/Bureau/start_C/C_arabic/vues/11/Branching - if.mp4
Logical Operators.mp4,9947956,/home/abdelwahed/Bureau/start_C/C_arabic/vues/8/Logical Operators.mp4
output – input functions.mp4,95612865,/home/abdelwahed/Bureau/start_C/C_arabic/vues/1/output – input functions.mp4
files - input - output (record ) & random access.mp4,64048716,/home/abdelwahed/Bureau/start_C/C_arabic/files_in_C/3/files - input - output (record ) & random access.mp4
linux.mp4,95913913,/home/abdelwahed/Bureau/Subtitle/a/linux.mp4
